Idea de Negocio,Factor,Descripción,Peso,Calificación,Puntaje
"Bienestar físico y mental - App móvil para entrenamiento físico",Fortalezas,"Enfoque en bienestar (tendencia creciente)",0.3,5,1.5
"Bienestar físico y mental - App móvil para entrenamiento físico",Fortalezas,"Flexibilidad y accesibilidad de una app móvil",0.2,3,0.6
"Bienestar físico y mental - App móvil para entrenamiento físico",Debilidades,"Saturación del mercado de apps de fitness",0.2,4,0.8
"Bienestar físico y mental - App móvil para entrenamiento físico",Debilidades,"Necesidad de actualizaciones y soporte constante",0.1,2,0.2
"Bienestar físico y mental - App móvil para entrenamiento físico",Oportunidades,"Creciente demanda de soluciones digitales para el bienestar",0.3,4,1.2
"Bienestar físico y mental - App móvil para entrenamiento físico",Oportunidades,"Posibilidad de integrar tecnologías emergentes (IA, realidad aumentada)",0.2,3,0.6
"Bienestar físico y mental - App móvil para entrenamiento físico",Amenazas,"Competencia de grandes empresas de fitness y tecnología",0.3,2,0.6
"Bienestar físico y mental - App móvil para entrenamiento físico",Amenazas,"Regulaciones sobre privacidad y datos de usuarios",0.1,1,0.1
"Turismo - App móvil para destinos turísticos en Ecuador",Fortalezas,"Conveniencia para turistas",0.3,5,1.5
"Turismo - App móvil para destinos turísticos en Ecuador",Fortalezas,"Amplia cobertura de destinos turísticos",0.2,5,1.0
"Turismo - App móvil para destinos turísticos en Ecuador",Debilidades,"Dependencia de datos precisos y actualizados",0.2,2,0.4
"Turismo - App móvil para destinos turísticos en Ecuador",Debilidades,"Necesidad de promoción constante",0.1,1,0.1
"Turismo - App móvil para destinos turísticos en Ecuador",Oportunidades,"Crecimiento del turismo en Ecuador",0.3,3,0.9
"Turismo - App móvil para destinos turísticos en Ecuador",Oportunidades,"Adopción de tecnologías móviles por los turistas",0.2,5,1.0
"Turismo - App móvil para destinos turísticos en Ecuador",Amenazas,"Competencia de otras aplicaciones turísticas",0.3,4,1.2
"Turismo - App móvil para destinos turísticos en Ecuador",Amenazas,"Cambios en regulaciones y políticas gubernamentales",0.1,2,0.2
"Cocina e IA - Página Web de cocina con IA",Fortalezas,"Contenido interactivo e innovador",0.3,3,0.9
"Cocina e IA - Página Web de cocina con IA",Fortalezas,"Variedad de recetas y opciones",0.2,5,1.0
"Cocina e IA - Página Web de cocina con IA",Debilidades,"Necesidad de actualización constante de contenido",0.2,2,0.4
"Cocina e IA - Página Web de cocina con IA",Debilidades,"Competencia de sitios web establecidos",0.1,4,0.4
"Cocina e IA - Página Web de cocina con IA",Oportunidades,"Creciente interés en cocina y aplicaciones de IA",0.3,4,1.2
"Cocina e IA - Página Web de cocina con IA",Oportunidades,"Oportunidad de monetización (publicidad, suscripciones)",0.2,1,0.2
"Cocina e IA - Página Web de cocina con IA",Amenazas,"Cambios en preferencias y tendencias de los usuarios",0.3,5,1.5
"Cocina e IA - Página Web de cocina con IA",Amenazas,"Problemas de derechos de autor y propiedad intelectual",0.1,3,0.3
"Logística - App móvil de gestión de transporte pesado",Fortalezas,"Eficiencia y optimización de rutas",0.3,5,1.5
"Logística - App móvil de gestión de transporte pesado",Fortalezas,"Accesibilidad para empresas de logística",0.2,4,0.8
"Logística - App móvil de gestión de transporte pesado",Debilidades,"Complejidad técnica y desarrollo de la aplicación",0.2,2,0.4
"Logística - App móvil de gestión de transporte pesado",Debilidades,"Necesidad de integración con sistemas existentes",0.1,1,0.1
"Logística - App móvil de gestión de transporte pesado",Oportunidades,"Crecimiento del sector logístico y transporte",0.3,3,0.9
"Logística - App móvil de gestión de transporte pesado",Oportunidades,"Adopción de tecnologías de seguimiento y rastreo",0.2,5,1.0
"Logística - App móvil de gestión de transporte pesado",Amenazas,"Competencia de soluciones de gestión de flotas establecidas",0.3,4,1.2
"Logística - App móvil de gestión de transporte pesado",Amenazas,"Regulaciones y normas de transporte",0.1,3,0.3
